student_id,hours_studied,attendance_percentage,previous_marks,assignments_completed,class_tests_score,participation_score,final_status
1001,2.3,72.4,60.5,6.0,54.3,5.0,Pass
1002,4.1,83.2,76.8,8.0,71.5,7.0,Pass
1003,1.0,55.7,41.2,3.0,32.6,2.0,Fail
1004,5.5,88.1,82.3,9.0,76.4,8.0,Pass
1005,0.8,48.3,28.7,1.0,18.9,1.0,Fail
1006,3.2,67.5,55.0,5.0,48.2,4.0,Fail
1007,6.8,91.5,85.4,9.0,80.2,8.0,Pass
1008,2.0,61.0,47.3,4.0,38.5,3.0,Fail
1009,4.5,78.9,70.1,7.0,63.8,6.0,Pass
1010,1.5,52.4,35.8,2.0,25.1,2.0,Fail
1011,3.8,74.6,64.2,6.0,57.1,5.0,Pass
1012,0.6,42.1,22.5,1.0,15.3,0.0,Fail
1013,7.2,93.0,88.7,10.0,82.6,9.0,Pass
1014,2.7,65.8,51.4,5.0,44.7,4.0,Fail
1015,5.0,82.0,73.5,8.0,68.9,7.0,Pass
1016,1.2,49.6,33.0,2.0,22.4,1.0,Fail
1017,3.5,70.3,58.7,5.0,52.0,5.0,Pass
1018,0.9,45.2,26.3,1.0,17.6,1.0,Fail
1019,6.2,89.4,79.6,9.0,74.8,8.0,Pass
1020,2.4,63.1,48.9,4.0,40.3,3.0,Fail
1021,4.8,80.5,71.8,7.0,66.2,6.0,Pass
1022,1.1,47.8,30.2,2.0,20.8,1.0,Fail
1023,3.3,68.9,56.1,6.0,50.5,4.0,Pass
1024,0.7,43.5,24.1,1.0,16.2,0.0,Fail
1025,5.8,85.7,77.0,8.0,72.1,7.0,Pass
1026,2.1,59.4,44.6,3.0,36.0,3.0,Fail
1027,4.3,77.3,67.4,7.0,61.5,6.0,Pass
1028,1.4,51.0,37.5,2.0,27.3,2.0,Fail
1029,7.5,94.2,90.1,10.0,85.3,9.0,Pass
1030,2.6,64.5,50.2,4.0,43.1,3.0,Fail
1031,3.9,75.2,65.3,6.0,58.4,5.0,Pass
1032,0.8,41.0,21.8,1.0,14.7,0.0,Fail
1033,5.3,83.8,75.2,8.0,70.3,7.0,Pass
1034,1.8,57.2,42.0,3.0,34.5,2.0,Fail
1035,6.5,90.3,83.1,9.0,78.5,8.0,Pass
1036,2.2,62.0,47.8,4.0,39.2,3.0,Fail
1037,4.6,79.5,69.7,7.0,64.0,6.0,Pass
1038,1.0,46.4,29.5,2.0,21.2,1.0,Fail
1039,3.6,71.8,59.5,6.0,53.7,5.0,Pass
1040,0.6,40.5,20.2,0.0,13.8,0.0,Fail
1041,5.1,81.6,72.9,8.0,67.5,7.0,Pass
1042,2.3,60.8,46.3,4.0,41.0,3.0,Fail
1043,7.8,95.1,91.2,10.0,87.0,10.0,Pass
1044,1.6,53.5,36.2,2.0,26.0,2.0,Fail
1045,3.4,69.4,57.8,5.0,51.2,4.0,Pass
1046,0.9,44.8,27.0,1.0,18.0,1.0,Fail
1047,4.9,80.0,70.5,7.0,65.5,6.0,Pass
1048,2.0,58.6,43.5,3.0,35.2,3.0,Fail
1049,6.0,87.0,78.5,9.0,73.0,8.0,Pass
1050,1.3,50.2,34.5,2.0,23.5,1.0,Fail
1051,3.7,73.0,62.8,6.0,56.0,5.0,Pass
1052,0.7,42.5,23.8,1.0,15.8,0.0,Fail
1053,5.6,84.5,76.0,8.0,71.0,7.0,Pass
1054,2.5,63.8,49.5,4.0,42.5,3.0,Fail
1055,7.0,92.0,86.0,10.0,81.0,9.0,Pass
1056,1.1,48.5,31.5,2.0,21.5,1.0,Fail
1057,4.2,76.8,66.0,7.0,60.0,6.0,Pass
1058,1.9,56.5,41.5,3.0,33.0,2.0,Fail
1059,3.1,67.0,54.5,5.0,47.8,4.0,Fail
1060,0.8,43.0,25.5,1.0,17.0,0.0,Fail
1061,5.4,82.5,74.0,8.0,69.0,7.0,Pass
1062,2.4,61.5,47.0,4.0,40.5,3.0,Fail
1063,6.3,88.8,80.0,9.0,75.5,8.0,Pass
1064,1.5,52.0,35.0,2.0,24.5,2.0,Fail
1065,3.5,70.0,58.0,6.0,52.5,5.0,Pass
1066,0.7,41.5,22.0,1.0,14.0,0.0,Fail
1067,4.7,79.0,68.5,7.0,63.0,6.0,Pass
1068,2.1,59.0,45.0,3.0,37.0,3.0,Fail
1069,7.3,93.5,89.0,10.0,83.5,9.0,Pass
1070,1.2,49.0,32.0,2.0,22.0,1.0,Fail
1071,3.8,74.0,63.5,6.0,57.5,5.0,Pass
1072,0.9,45.5,28.0,1.0,18.5,1.0,Fail
1073,5.2,83.0,74.5,8.0,68.5,7.0,Pass
1074,2.6,64.0,50.0,4.0,42.0,4.0,Fail
1075,6.7,90.5,84.0,9.0,79.0,8.0,Pass
1076,1.4,51.5,36.5,2.0,25.5,2.0,Fail
1077,4.0,77.0,65.0,6.0,58.0,5.0,Pass
1078,1.0,46.0,29.0,2.0,20.0,1.0,Fail
1079,3.3,68.5,56.5,5.0,49.0,4.0,Fail
1080,0.6,40.0,19.5,0.0,13.0,0.0,Fail
1081,5.0,81.0,72.0,7.0,66.0,6.0,Pass
1082,2.3,60.5,46.5,4.0,39.5,3.0,Fail
1083,7.6,94.5,90.5,10.0,86.0,10.0,Pass
1084,1.7,54.0,37.0,2.0,26.5,2.0,Fail
1085,3.6,71.5,59.0,6.0,53.0,5.0,Pass
1086,0.8,42.0,24.5,1.0,16.5,1.0,Fail
1087,4.4,78.5,67.0,7.0,61.0,6.0,Pass
1088,2.0,57.5,42.5,3.0,34.0,2.0,Fail
1089,5.8,85.0,77.5,8.0,72.5,7.0,Pass
1090,1.3,50.5,33.5,2.0,23.0,1.0,Fail
1091,3.2,66.5,53.0,5.0,46.5,4.0,Fail
1092,0.7,44.0,26.5,1.0,17.5,0.0,Fail
1093,6.1,87.5,79.0,9.0,74.0,8.0,Pass
1094,2.5,62.5,48.5,4.0,41.5,3.0,Fail
1095,4.8,79.5,69.0,7.0,64.5,6.0,Pass
1096,1.1,47.5,30.5,2.0,21.0,1.0,Fail
1097,3.9,73.5,62.0,6.0,55.5,5.0,Pass
1098,0.9,43.5,25.0,1.0,15.5,0.0,Fail
1099,5.5,83.5,75.5,8.0,70.0,7.0,Pass
1100,2.2,61.0,45.5,4.0,38.0,3.0,Fail
1101,7.1,92.5,87.5,10.0,82.0,9.0,Pass
1102,1.6,53.0,35.5,2.0,25.0,2.0,Fail
1103,3.4,69.0,57.5,5.0,50.5,4.0,Pass
1104,0.8,41.0,21.0,1.0,14.5,0.0,Fail
1105,4.5,78.0,67.5,7.0,62.5,6.0,Pass
1106,2.1,58.0,43.0,3.0,35.5,3.0,Fail
1107,6.4,89.0,80.5,9.0,76.0,8.0,Pass
1108,1.4,51.0,34.0,2.0,22.5,1.0,Fail
1109,3.7,72.5,61.5,6.0,54.5,5.0,Pass
1110,0.7,45.0,27.5,1.0,18.0,1.0,Fail
1111,5.3,82.0,73.0,8.0,67.0,7.0,Pass
1112,2.4,63.5,49.0,4.0,41.0,3.0,Fail
1113,7.4,93.0,88.0,10.0,84.0,9.0,Pass
1114,1.0,46.5,28.5,2.0,19.5,1.0,Fail
1115,3.5,70.5,58.5,5.0,51.5,4.0,Pass
1116,0.6,40.5,20.5,0.0,13.5,0.0,Fail
1117,4.9,80.5,70.0,7.0,65.0,6.0,Pass
1118,2.0,59.5,44.5,3.0,36.5,3.0,Fail
1119,5.9,85.5,77.0,9.0,73.5,7.0,Pass
1120,1.2,49.5,31.0,2.0,21.5,1.0,Fail
1121,3.3,68.0,55.5,5.0,48.0,4.0,Fail
1122,0.8,42.5,23.0,1.0,16.0,0.0,Fail
1123,6.6,91.0,83.5,9.0,78.0,8.0,Pass
1124,2.6,64.5,50.5,4.0,43.0,3.0,Fail
1125,4.2,76.5,66.5,7.0,59.5,5.0,Pass
1126,1.5,52.5,36.0,2.0,24.0,2.0,Fail
1127,3.8,74.5,63.0,6.0,56.5,5.0,Pass
1128,0.9,44.5,26.0,1.0,17.0,0.0,Fail
1129,5.1,81.5,72.5,8.0,66.5,7.0,Pass
1130,2.3,60.0,46.0,4.0,39.0,3.0,Fail
1131,3.0,66.0,52.0,5.0,45.0,4.0,Fail
1132,4.5,77.5,68.0,7.0,62.0,6.0,Pass
1133,2.8,65.0,51.0,5.0,46.0,4.0,Fail
1134,5.0,80.0,71.0,7.0,65.0,6.0,Pass
1135,3.2,67.5,54.0,5.0,48.5,4.0,Fail
1136,4.8,79.0,69.5,7.0,63.5,6.0,Pass
1137,2.5,63.0,49.5,4.0,42.0,3.0,Fail
1138,5.5,83.0,75.0,8.0,69.5,7.0,Pass
1139,2.0,58.5,43.5,3.0,35.0,3.0,Fail
1140,4.0,76.0,65.0,6.0,58.5,5.0,Pass
1141,2.7,64.0,50.0,4.0,41.5,3.0,Fail
1142,5.2,82.0,73.5,8.0,68.0,6.0,Pass
1143,2.2,61.5,47.0,4.0,39.5,3.0,Fail
1144,4.6,78.5,67.5,7.0,61.5,6.0,Pass
1145,2.9,65.5,52.5,5.0,47.5,4.0,Fail
1146,5.4,83.5,74.5,8.0,70.0,7.0,Pass
1147,1.8,56.0,41.0,3.0,33.5,2.0,Fail
1148,4.3,77.0,66.0,6.0,59.0,5.0,Pass
1149,2.4,62.0,48.0,4.0,40.0,3.0,Fail
1150,5.7,84.5,76.0,8.0,71.0,7.0,Pass
1151,2.1,59.5,44.5,3.0,37.0,3.0,Fail
1152,4.1,76.5,65.5,6.0,58.0,5.0,Pass
1153,2.6,63.5,49.0,4.0,41.0,3.0,Fail
1154,5.9,85.0,77.0,9.0,72.0,7.0,Pass
1155,1.9,57.0,42.0,3.0,34.5,2.0,Fail
1156,4.4,78.0,67.0,7.0,60.5,6.0,Pass
1157,2.3,61.0,46.5,4.0,39.0,3.0,Fail
1158,5.0,81.0,72.0,7.0,66.0,6.0,Pass
1159,2.8,64.5,50.5,5.0,44.0,4.0,Fail
1160,4.7,79.5,69.0,7.0,63.0,6.0,Pass
1161,2.0,58.0,43.5,3.0,36.0,3.0,Fail
1162,5.3,82.5,74.0,8.0,68.5,7.0,Pass
1163,2.5,62.5,48.5,4.0,40.5,3.0,Fail
1164,4.9,80.0,70.5,7.0,64.5,6.0,Pass
1165,2.2,60.5,46.0,4.0,38.5,3.0,Fail
1166,5.6,84.0,75.5,8.0,70.5,7.0,Pass
1167,1.7,55.0,39.5,3.0,32.0,2.0,Fail
1168,4.2,76.0,65.0,6.0,57.5,5.0,Pass
1169,2.4,62.0,48.0,4.0,39.5,3.0,Fail
1170,5.1,81.5,72.5,8.0,66.5,6.0,Pass
1171,2.6,63.0,49.5,4.0,41.0,3.0,Fail
1172,4.5,78.0,68.0,7.0,62.0,6.0,Pass
1173,1.5,53.0,36.0,2.0,25.0,2.0,Fail
1174,5.8,85.5,77.5,9.0,73.0,7.0,Pass
1175,2.3,61.5,47.5,4.0,40.0,3.0,Fail
1176,4.0,75.5,64.5,6.0,57.0,5.0,Pass
1177,2.1,59.0,44.0,3.0,36.5,3.0,Fail
1178,5.4,83.0,74.5,8.0,69.0,7.0,Pass
1179,2.7,64.0,50.0,4.0,42.0,3.0,Fail
1180,4.8,79.5,69.5,7.0,63.5,6.0,Pass
1181,1.8,56.5,41.5,3.0,34.0,2.0,Fail
1182,5.2,82.0,73.0,8.0,67.0,6.0,Pass
1183,2.0,58.0,43.0,3.0,35.5,3.0,Fail
1184,4.6,78.5,67.5,7.0,61.0,6.0,Pass
1185,2.5,62.5,48.5,4.0,40.5,3.0,Fail
1186,5.5,83.5,75.0,8.0,70.0,7.0,Pass
1187,2.2,60.0,45.5,4.0,38.0,3.0,Fail
1188,4.3,77.0,66.5,6.0,59.5,5.0,Pass
1189,1.9,57.5,42.5,3.0,35.0,2.0,Fail
1190,5.0,81.0,72.0,7.0,65.0,6.0,Pass
1191,2.4,61.5,47.0,4.0,39.5,3.0,Fail
1192,4.7,79.0,68.5,7.0,62.5,6.0,Pass
1193,2.1,59.5,44.5,3.0,37.0,3.0,Fail
1194,5.3,82.5,73.5,8.0,68.0,7.0,Pass
1195,2.6,63.5,49.0,4.0,41.0,3.0,Fail
1196,4.4,78.0,67.0,7.0,61.0,5.0,Pass
1197,2.3,61.0,46.5,4.0,39.0,3.0,Fail
1198,5.7,84.5,76.0,8.0,71.0,7.0,Pass
1199,1.6,54.0,37.5,2.0,26.0,2.0,Fail
1200,4.9,80.0,70.0,7.0,64.0,6.0,Pass
1201,3.5,70.0,58.5,6.0,52.5,5.0,Pass
1202,2.0,58.5,43.0,3.0,35.5,3.0,Fail
1203,3.8,73.0,62.0,6.0,55.0,5.0,Pass
1204,2.5,62.0,48.0,4.0,40.0,3.0,Fail
1205,3.2,67.0,54.0,5.0,48.0,4.0,Fail
1206,4.0,75.0,64.0,6.0,57.0,5.0,Pass
1207,2.3,60.5,46.0,4.0,38.5,3.0,Fail
1208,3.6,71.0,59.5,6.0,53.5,5.0,Pass
1209,2.8,64.5,50.5,4.0,42.0,4.0,Fail
1210,4.2,76.5,65.5,6.0,58.5,5.0,Pass
1211,2.1,59.0,44.0,3.0,36.5,3.0,Fail
1212,3.4,69.5,57.0,5.0,50.5,4.0,Pass
1213,2.6,63.0,49.5,4.0,41.0,3.0,Fail
1214,3.9,72.5,61.0,6.0,54.5,5.0,Pass
1215,2.4,61.5,47.0,4.0,39.5,3.0,Fail
1216,3.7,71.5,60.5,6.0,53.0,5.0,Pass
1217,2.0,58.0,43.5,3.0,35.5,3.0,Fail
1218,3.3,68.0,55.5,5.0,49.0,4.0,Fail
1219,4.1,75.5,64.5,6.0,57.5,5.0,Pass
1220,2.7,64.0,50.0,4.0,42.5,3.0,Fail
1221,3.5,70.5,58.5,5.0,52.0,5.0,Pass
1222,2.2,60.0,45.5,3.0,37.5,3.0,Fail
1223,3.8,72.0,61.5,6.0,54.0,5.0,Pass
1224,2.5,62.5,48.5,4.0,40.5,3.0,Fail
1225,4.0,76.0,65.0,6.0,58.0,5.0,Pass
1226,2.9,65.0,51.5,5.0,46.5,4.0,Fail
1227,3.6,71.0,59.5,6.0,53.0,5.0,Pass
1228,2.3,61.0,46.5,4.0,39.0,3.0,Fail
1229,3.4,69.0,56.5,5.0,50.0,4.0,Pass
1230,2.1,59.5,44.5,3.0,36.5,3.0,Fail
1231,3.9,73.0,62.5,6.0,55.5,5.0,Pass
1232,2.6,63.5,49.5,4.0,41.5,3.0,Fail
1233,3.7,71.5,60.0,6.0,53.5,5.0,Pass
1234,2.4,61.5,47.5,4.0,39.5,3.0,Fail
1235,4.2,76.5,66.0,6.0,58.5,5.0,Pass
1236,2.0,58.0,43.0,3.0,35.5,3.0,Fail
1237,3.5,70.0,58.0,5.0,51.5,4.0,Pass
1238,2.8,64.5,51.0,5.0,46.5,4.0,Fail
1239,3.8,72.5,61.5,6.0,54.5,5.0,Pass
1240,2.2,60.5,46.0,4.0,38.5,3.0,Fail
1241,4.0,75.5,64.5,6.0,57.5,5.0,Pass
1242,2.5,62.0,48.0,4.0,40.0,3.0,Fail
1243,3.6,71.0,59.5,6.0,53.0,5.0,Pass
1244,2.3,61.0,46.5,4.0,39.0,3.0,Fail
1245,3.3,68.5,55.5,5.0,49.5,4.0,Fail
1246,4.1,76.0,65.5,6.0,58.0,5.0,Pass
1247,2.1,59.0,44.5,3.0,37.0,3.0,Fail
1248,3.7,72.0,61.0,6.0,54.0,5.0,Pass
1249,2.7,63.5,50.0,4.0,42.0,3.0,Fail
1250,3.9,73.0,62.0,6.0,55.0,5.0,Pass
1251,2.4,61.5,47.0,4.0,39.5,3.0,Fail
1252,3.5,70.5,58.5,5.0,52.0,5.0,Pass
1253,2.0,58.5,43.5,3.0,36.0,3.0,Fail
1254,4.0,75.0,64.0,6.0,57.0,5.0,Pass
1255,2.6,63.0,49.5,4.0,41.0,3.0,Fail
1256,3.8,72.5,61.5,6.0,54.5,5.0,Pass
1257,2.2,60.0,45.5,3.0,37.5,3.0,Fail
1258,3.4,69.0,56.5,5.0,50.5,4.0,Pass
1259,2.9,65.0,51.5,5.0,47.0,4.0,Fail
1260,3.6,71.5,60.0,6.0,53.0,5.0,Pass
1261,2.3,61.0,46.5,4.0,39.0,3.0,Fail
1262,4.2,76.5,66.0,6.0,58.5,5.0,Pass
1263,2.5,62.5,48.5,4.0,40.5,3.0,Fail
1264,3.7,72.0,61.0,6.0,54.0,5.0,Pass
1265,2.1,59.5,44.5,3.0,36.5,3.0,Fail
1266,3.5,70.0,58.0,5.0,51.5,4.0,Pass
1267,2.8,64.0,50.5,5.0,46.5,4.0,Fail
1268,3.9,73.0,62.5,6.0,55.5,5.0,Pass
1269,2.4,61.5,47.5,4.0,39.5,3.0,Fail
1270,4.0,75.5,64.5,6.0,57.5,5.0,Pass
1271,2.0,58.0,43.0,3.0,35.5,3.0,Fail
1272,3.6,71.0,59.5,6.0,53.0,5.0,Pass
1273,2.6,63.5,49.5,4.0,41.5,3.0,Fail
1274,3.8,72.5,61.5,6.0,54.5,5.0,Pass
1275,2.3,60.5,46.0,4.0,38.5,3.0,Fail
1276,3.3,68.5,55.5,5.0,49.5,4.0,Fail
1277,4.1,76.0,65.5,6.0,58.0,5.0,Pass
1278,2.2,60.0,45.5,3.0,37.5,3.0,Fail
1279,3.7,72.0,61.0,6.0,54.0,5.0,Pass
1280,2.7,63.5,50.0,4.0,42.0,3.0,Fail
1281,3.5,70.5,58.5,5.0,52.0,5.0,Pass
1282,2.4,61.5,47.0,4.0,39.5,3.0,Fail
1283,4.0,75.0,64.0,6.0,57.0,5.0,Pass
1284,2.1,59.0,44.5,3.0,36.5,3.0,Fail
1285,3.9,73.0,62.0,6.0,55.0,5.0,Pass
1286,2.5,62.0,48.0,4.0,40.0,3.0,Fail
1287,3.6,71.5,60.0,6.0,53.5,5.0,Pass
1288,2.9,65.0,51.5,5.0,47.0,4.0,Fail
1289,3.8,72.5,61.5,6.0,54.5,5.0,Pass
1290,2.3,61.0,46.5,4.0,39.0,3.0,Fail
1291,4.2,76.5,66.0,6.0,58.5,5.0,Pass
1292,2.0,58.5,43.5,3.0,36.0,3.0,Fail
1293,3.4,69.0,56.5,5.0,50.5,4.0,Pass
1294,2.6,63.0,49.5,4.0,41.0,3.0,Fail
1295,3.7,72.0,61.0,6.0,54.0,5.0,Pass
1296,2.2,60.5,46.0,4.0,38.5,3.0,Fail
1297,3.5,70.0,58.0,5.0,51.5,4.0,Pass
1298,2.8,64.5,51.0,5.0,46.5,4.0,Fail
1299,4.0,75.5,64.5,6.0,57.5,5.0,Pass
1300,2.4,61.5,47.5,4.0,39.5,3.0,Fail
1301,1.5,53.0,36.0,2.0,25.5,2.0,Fail
1302,2.8,64.0,50.5,5.0,46.0,4.0,Fail
1303,1.8,56.0,41.0,3.0,34.0,2.0,Fail
1304,2.3,61.0,46.5,4.0,39.0,3.0,Fail
1305,1.2,50.0,33.0,2.0,23.0,2.0,Fail
1306,2.6,63.0,49.5,4.0,41.0,3.0,Fail
1307,1.6,54.5,37.5,2.0,26.5,2.0,Fail
1308,2.1,59.5,44.5,3.0,37.0,3.0,Fail
1309,1.4,51.5,34.5,2.0,24.0,2.0,Fail
1310,2.5,62.5,48.5,4.0,40.5,3.0,Fail
1311,1.9,57.0,42.5,3.0,35.5,2.0,Fail
1312,2.4,61.5,47.0,4.0,39.5,3.0,Fail
1313,1.3,52.0,35.5,2.0,25.0,1.0,Fail
1314,2.7,63.5,50.0,5.0,43.0,4.0,Fail
1315,1.7,55.0,38.5,3.0,33.0,2.0,Fail
1316,2.2,60.5,46.0,4.0,38.5,3.0,Fail
1317,1.1,49.5,32.0,2.0,22.0,1.0,Fail
1318,2.5,62.0,48.5,4.0,40.0,3.0,Fail
1319,1.8,56.5,41.5,3.0,35.0,2.0,Fail
1320,2.3,61.0,46.5,4.0,39.0,3.0,Fail
1321,1.5,53.5,36.5,2.0,26.0,2.0,Fail
1322,2.8,64.5,51.0,5.0,44.0,4.0,Fail
1323,1.4,51.0,34.0,2.0,24.5,2.0,Fail
1324,2.1,59.0,44.0,3.0,37.0,3.0,Fail
1325,1.2,50.5,33.5,2.0,23.5,1.0,Fail
1326,2.6,63.0,49.5,4.0,41.0,3.0,Fail
1327,1.9,57.5,42.5,3.0,35.5,2.0,Fail
1328,2.4,61.5,47.5,4.0,39.5,3.0,Fail
1329,1.6,54.0,37.0,2.0,26.5,2.0,Fail
1330,2.3,60.5,46.0,4.0,38.5,3.0,Fail
1331,1.3,52.5,35.5,2.0,25.5,1.0,Fail
1332,2.7,63.5,50.5,5.0,43.0,4.0,Fail
1333,1.8,56.0,41.0,3.0,34.5,2.0,Fail
1334,2.2,60.0,45.5,3.0,37.5,3.0,Fail
1335,1.1,49.0,31.5,2.0,21.5,1.0,Fail
1336,2.5,62.5,48.5,4.0,40.5,3.0,Fail
1337,1.7,55.5,38.5,3.0,33.5,2.0,Fail
1338,2.4,61.5,47.0,4.0,39.5,3.0,Fail
1339,1.4,51.5,34.5,2.0,24.5,2.0,Fail
1340,2.1,59.5,44.5,3.0,36.5,3.0,Fail
1341,1.6,53.0,36.0,2.0,25.5,2.0,Fail
1342,2.8,64.0,50.5,5.0,44.0,4.0,Fail
1343,1.3,52.0,35.0,2.0,25.0,1.0,Fail
1344,2.3,61.0,46.5,4.0,39.0,3.0,Fail
1345,1.0,48.0,30.5,1.0,20.5,1.0,Fail
1346,2.6,63.0,49.5,4.0,41.0,3.0,Fail
1347,1.9,57.0,42.0,3.0,35.0,2.0,Fail
1348,2.2,60.5,46.0,4.0,38.5,3.0,Fail
1349,1.5,53.5,36.5,2.0,26.0,2.0,Fail
1350,2.5,62.0,48.5,4.0,40.0,3.0,Fail
1351,1.8,56.5,41.5,3.0,34.5,2.0,Fail
1352,2.4,61.5,47.0,4.0,39.5,3.0,Fail
1353,1.2,50.5,33.0,2.0,23.0,1.0,Fail
1354,2.7,63.5,50.0,5.0,43.0,4.0,Fail
1355,1.4,51.5,34.5,2.0,24.5,2.0,Fail
1356,2.1,59.0,44.0,3.0,37.0,3.0,Fail
1357,1.1,49.5,32.0,2.0,22.0,1.0,Fail
1358,2.5,62.5,48.5,4.0,40.5,3.0,Fail
1359,1.7,55.0,38.0,3.0,33.0,2.0,Fail
1360,2.3,60.5,46.0,4.0,38.5,3.0,Fail
1361,1.6,54.0,37.0,2.0,26.5,2.0,Fail
1362,2.8,64.5,51.5,5.0,44.0,4.0,Fail
1363,1.3,52.0,35.0,2.0,25.0,1.0,Fail
1364,2.2,60.0,45.5,3.0,37.5,3.0,Fail
1365,1.0,48.0,30.0,1.0,20.0,1.0,Fail
1366,2.6,63.0,49.0,4.0,41.0,3.0,Fail
1367,1.9,57.5,42.5,3.0,35.5,2.0,Fail
1368,2.4,61.5,47.5,4.0,39.5,3.0,Fail
1369,1.5,53.0,36.0,2.0,26.0,2.0,Fail
1370,2.1,59.5,44.5,3.0,36.5,3.0,Fail
1371,1.8,56.0,41.0,3.0,34.5,2.0,Fail
1372,2.5,62.0,48.5,4.0,40.0,3.0,Fail
1373,1.2,50.5,33.5,2.0,23.5,1.0,Fail
1374,2.3,61.0,46.5,4.0,39.0,3.0,Fail
1375,1.4,51.5,34.5,2.0,24.5,2.0,Fail
1376,2.7,63.5,50.5,5.0,43.0,4.0,Fail
1377,1.1,49.0,31.5,2.0,22.0,1.0,Fail
1378,2.2,60.0,45.5,3.0,37.5,3.0,Fail
1379,1.6,54.0,37.5,2.0,26.0,2.0,Fail
1380,2.5,62.5,48.5,4.0,40.5,3.0,Fail
1381,1.3,52.5,35.0,2.0,25.0,1.0,Fail
1382,2.4,61.5,47.0,4.0,39.5,3.0,Fail
1383,1.7,55.5,38.5,3.0,33.5,2.0,Fail
1384,2.1,59.0,44.0,3.0,37.0,3.0,Fail
1385,1.0,48.0,30.5,1.0,20.5,1.0,Fail
1386,2.6,63.0,49.5,4.0,41.0,3.0,Fail
1387,1.9,57.0,42.0,3.0,35.0,2.0,Fail
1388,2.3,60.5,46.0,4.0,38.5,3.0,Fail
1389,1.5,53.5,36.5,2.0,26.0,2.0,Fail
1390,2.8,64.0,51.0,5.0,44.0,4.0,Fail
1391,1.2,50.5,33.0,2.0,23.0,1.0,Fail
1392,2.2,60.5,46.0,4.0,38.5,3.0,Fail
1393,1.4,51.5,34.0,2.0,24.5,2.0,Fail
1394,2.5,62.0,48.5,4.0,40.0,3.0,Fail
1395,1.8,56.5,41.5,3.0,35.0,2.0,Fail
1396,2.4,61.5,47.5,4.0,39.5,3.0,Fail
1397,1.1,49.5,32.0,2.0,22.0,1.0,Fail
1398,2.7,63.5,50.0,5.0,43.0,4.0,Fail
1399,1.6,54.0,37.0,2.0,26.5,2.0,Fail
1400,2.3,61.0,46.5,4.0,39.0,3.0,Fail
1401,0.8,43.0,25.0,1.0,17.5,1.0,Fail
1402,1.2,50.5,33.0,2.0,23.0,1.0,Fail
1403,0.5,38.0,18.5,0.0,12.0,0.0,Fail
1404,1.0,47.0,30.0,1.0,20.0,1.0,Fail
1405,0.6,40.5,21.0,1.0,14.5,0.0,Fail
1406,1.4,52.0,35.0,2.0,25.0,1.0,Fail
1407,0.7,41.5,22.5,1.0,15.5,0.0,Fail
1408,1.1,49.0,31.5,2.0,22.0,1.0,Fail
1409,0.9,44.5,26.5,1.0,18.5,1.0,Fail
1410,1.3,51.0,34.0,2.0,24.0,1.0,Fail
1411,0.6,39.5,19.0,0.0,12.5,0.0,Fail
1412,1.0,47.5,30.5,1.0,20.5,1.0,Fail
1413,0.8,42.5,24.0,1.0,16.0,0.0,Fail
1414,1.2,50.0,32.5,2.0,22.5,1.0,Fail
1415,0.5,37.5,17.5,0.0,11.5,0.0,Fail
1416,1.1,48.5,31.0,1.0,21.0,1.0,Fail
1417,0.7,41.0,22.0,1.0,15.0,0.0,Fail
1418,1.3,51.5,34.5,2.0,24.5,1.0,Fail
1419,0.9,44.0,26.0,1.0,18.0,1.0,Fail
1420,1.0,47.0,30.0,1.0,20.0,1.0,Fail
1421,0.6,40.0,20.5,0.0,13.5,0.0,Fail
1422,1.4,52.5,35.5,2.0,25.5,1.0,Fail
1423,0.8,43.0,25.0,1.0,17.0,0.0,Fail
1424,1.1,49.0,31.5,2.0,22.0,1.0,Fail
1425,0.5,38.5,18.0,0.0,12.0,0.0,Fail
1426,1.2,50.5,33.0,2.0,23.5,1.0,Fail
1427,0.7,42.0,23.0,1.0,15.5,0.0,Fail
1428,1.0,47.5,30.0,1.0,20.5,1.0,Fail
1429,0.9,44.5,27.0,1.0,18.5,1.0,Fail
1430,1.3,51.0,34.0,2.0,24.0,1.0,Fail
1431,0.6,39.5,19.5,0.0,12.5,0.0,Fail
1432,1.1,48.5,31.0,1.0,21.0,1.0,Fail
1433,0.8,42.5,24.5,1.0,16.5,0.0,Fail
1434,1.2,50.0,32.5,2.0,22.5,1.0,Fail
1435,0.5,37.5,17.5,0.0,11.0,0.0,Fail
1436,1.4,52.0,35.0,2.0,25.0,1.0,Fail
1437,0.7,41.5,22.5,1.0,15.0,0.0,Fail
1438,1.0,47.0,30.5,1.0,20.0,1.0,Fail
1439,0.9,43.5,26.5,1.0,18.0,1.0,Fail
1440,1.3,51.5,34.5,2.0,24.5,1.0,Fail
1441,0.6,40.0,20.0,0.0,13.5,0.0,Fail
1442,1.1,49.0,31.5,2.0,22.0,1.0,Fail
1443,0.8,43.0,25.0,1.0,17.0,0.0,Fail
1444,1.2,50.5,33.0,2.0,23.5,1.0,Fail
1445,0.5,38.0,18.0,0.0,12.0,0.0,Fail
1446,1.0,47.5,30.0,1.0,20.5,1.0,Fail
1447,0.7,42.0,23.0,1.0,15.5,0.0,Fail
1448,1.4,52.5,35.5,2.0,25.5,1.0,Fail
1449,0.9,44.5,27.0,1.0,18.5,1.0,Fail
1450,1.3,51.0,34.0,2.0,24.0,1.0,Fail
1451,0.6,39.5,19.0,0.0,12.5,0.0,Fail
1452,1.1,48.5,31.0,1.0,21.0,1.0,Fail
1453,0.8,42.5,24.0,1.0,16.0,0.0,Fail
1454,1.2,50.0,32.5,2.0,22.5,1.0,Fail
1455,0.5,37.5,17.5,0.0,11.5,0.0,Fail
1456,1.0,47.0,30.5,1.0,20.0,1.0,Fail
1457,0.7,41.5,22.5,1.0,15.0,0.0,Fail
1458,1.3,51.5,34.5,2.0,24.5,1.0,Fail
1459,0.9,44.0,26.0,1.0,18.0,1.0,Fail
1460,1.4,52.0,35.0,2.0,25.0,1.0,Fail
1461,0.6,40.0,20.5,0.0,13.5,0.0,Fail
1462,1.1,49.0,31.5,2.0,22.0,1.0,Fail
1463,0.8,43.0,25.0,1.0,17.0,0.0,Fail
1464,1.2,50.5,33.0,2.0,23.5,1.0,Fail
1465,0.5,38.5,18.0,0.0,12.0,0.0,Fail
1466,1.0,47.5,30.0,1.0,20.5,1.0,Fail
1467,0.7,41.0,22.0,1.0,15.5,0.0,Fail
1468,1.3,51.0,34.0,2.0,24.0,1.0,Fail
1469,0.9,44.5,27.0,1.0,18.5,1.0,Fail
1470,1.1,48.5,31.0,1.0,21.0,1.0,Fail
1471,0.6,39.5,19.5,0.0,12.5,0.0,Fail
1472,1.4,52.5,35.5,2.0,25.5,1.0,Fail
1473,0.8,42.5,24.5,1.0,16.5,0.0,Fail
1474,1.2,50.0,32.5,2.0,22.5,1.0,Fail
1475,0.5,37.5,17.5,0.0,11.0,0.0,Fail
1476,1.0,47.0,30.5,1.0,20.0,1.0,Fail
1477,0.7,42.0,23.0,1.0,15.5,0.0,Fail
1478,1.3,51.5,34.5,2.0,24.5,1.0,Fail
1479,0.9,43.5,26.5,1.0,18.0,1.0,Fail
1480,1.1,49.0,31.5,2.0,22.0,1.0,Fail
1481,0.6,40.0,20.0,0.0,13.5,0.0,Fail
1482,1.2,50.5,33.0,2.0,23.5,1.0,Fail
1483,0.8,43.0,25.0,1.0,17.0,0.0,Fail
1484,1.0,47.5,30.0,1.0,20.5,1.0,Fail
1485,0.5,38.0,18.0,0.0,12.0,0.0,Fail
1486,1.4,52.0,35.0,2.0,25.0,1.0,Fail
1487,0.7,41.5,22.5,1.0,15.0,0.0,Fail
1488,1.3,51.0,34.0,2.0,24.0,1.0,Fail
1489,0.9,44.0,26.0,1.0,18.0,1.0,Fail
1490,1.1,48.5,31.0,1.0,21.0,1.0,Fail
1491,0.6,39.5,19.0,0.0,12.5,0.0,Fail
1492,1.2,50.0,32.5,2.0,22.5,1.0,Fail
1493,0.8,42.5,24.0,1.0,16.0,0.0,Fail
1494,1.0,47.0,30.5,1.0,20.0,1.0,Fail
1495,0.5,37.5,17.5,0.0,11.5,0.0,Fail
1496,1.4,52.5,35.5,2.0,25.5,1.0,Fail
1497,0.7,41.0,22.0,1.0,15.5,0.0,Fail
1498,1.3,51.5,34.5,2.0,24.5,1.0,Fail
1499,0.9,44.5,27.0,1.0,18.5,1.0,Fail
1500,1.1,49.0,31.5,2.0,22.0,1.0,Fail
1501,5.5,55.0,72.0,8.0,65.0,5.0,Pass
1502,6.2,52.0,68.0,7.0,60.0,4.0,Pass
1503,5.0,58.0,65.0,7.0,58.0,5.0,Pass
1504,7.0,50.0,70.0,9.0,62.0,4.0,Pass
1505,5.8,56.0,75.0,8.0,67.0,5.0,Pass
1506,6.5,53.0,66.0,8.0,59.0,4.0,Fail
1507,5.2,60.0,63.0,7.0,56.0,5.0,Pass
1508,7.5,48.0,71.0,9.0,64.0,4.0,Pass
1509,5.0,54.0,60.0,6.0,52.0,4.0,Fail
1510,6.0,57.0,73.0,8.0,66.0,5.0,Pass
1511,5.5,51.0,67.0,7.0,61.0,4.0,Pass
1512,6.8,55.0,69.0,9.0,63.0,5.0,Pass
1513,5.3,59.0,64.0,7.0,57.0,5.0,Pass
1514,7.2,49.0,72.0,8.0,65.0,4.0,Pass
1515,5.0,53.0,61.0,6.0,53.0,4.0,Fail
1516,6.3,56.0,74.0,8.0,68.0,5.0,Pass
1517,5.8,52.0,66.0,7.0,60.0,4.0,Pass
1518,7.0,54.0,70.0,9.0,62.0,5.0,Pass
1519,5.2,58.0,62.0,7.0,55.0,4.0,Fail
1520,6.5,50.0,68.0,8.0,61.0,4.0,Pass
1521,5.5,57.0,73.0,8.0,66.0,5.0,Pass
1522,6.0,53.0,65.0,7.0,58.0,4.0,Fail
1523,7.3,55.0,71.0,9.0,64.0,5.0,Pass
1524,5.0,51.0,63.0,6.0,54.0,4.0,Fail
1525,6.2,59.0,69.0,8.0,63.0,5.0,Pass
1526,5.8,48.0,67.0,7.0,60.0,4.0,Pass
1527,7.0,56.0,74.0,9.0,67.0,5.0,Pass
1528,5.3,52.0,61.0,7.0,53.0,4.0,Fail
1529,6.5,54.0,70.0,8.0,62.0,4.0,Pass
1530,5.0,58.0,64.0,6.0,56.0,5.0,Pass
1531,5.5,50.0,66.0,7.0,59.0,4.0,Pass
1532,6.8,55.0,72.0,9.0,65.0,5.0,Pass
1533,5.2,53.0,63.0,7.0,57.0,4.0,Fail
1534,7.2,57.0,69.0,8.0,63.0,5.0,Pass
1535,5.0,51.0,65.0,6.0,55.0,4.0,Fail
1536,6.0,56.0,73.0,8.0,66.0,5.0,Pass
1537,5.8,52.0,67.0,7.0,60.0,4.0,Pass
1538,7.5,54.0,71.0,9.0,64.0,5.0,Pass
1539,5.3,59.0,62.0,7.0,54.0,4.0,Fail
1540,6.3,48.0,68.0,8.0,61.0,4.0,Pass
1541,5.5,55.0,74.0,8.0,67.0,5.0,Pass
1542,6.5,53.0,66.0,7.0,58.0,4.0,Fail
1543,5.0,57.0,70.0,6.0,63.0,5.0,Pass
1544,7.0,51.0,64.0,9.0,56.0,4.0,Fail
1545,5.8,56.0,72.0,8.0,65.0,5.0,Pass
1546,6.2,54.0,68.0,7.0,62.0,4.0,Pass
1547,5.2,58.0,63.0,7.0,57.0,5.0,Pass
1548,7.3,50.0,71.0,9.0,64.0,4.0,Pass
1549,5.0,52.0,65.0,6.0,55.0,4.0,Fail
1550,6.0,55.0,73.0,8.0,66.0,5.0,Pass
1551,5.5,53.0,67.0,7.0,60.0,4.0,Pass
1552,6.8,57.0,69.0,9.0,63.0,5.0,Pass
1553,5.3,51.0,64.0,7.0,56.0,4.0,Fail
1554,7.0,56.0,72.0,8.0,65.0,5.0,Pass
1555,5.0,54.0,66.0,6.0,58.0,4.0,Pass
1556,6.5,52.0,70.0,8.0,62.0,4.0,Pass
1557,5.8,58.0,63.0,7.0,55.0,4.0,Fail
1558,7.2,50.0,68.0,9.0,61.0,4.0,Pass
1559,5.2,55.0,74.0,7.0,67.0,5.0,Pass
1560,6.0,53.0,65.0,8.0,57.0,4.0,Fail
1561,5.5,57.0,71.0,8.0,64.0,5.0,Pass
1562,6.3,51.0,67.0,7.0,60.0,4.0,Pass
1563,5.0,56.0,69.0,6.0,63.0,5.0,Pass
1564,7.5,54.0,73.0,9.0,66.0,5.0,Pass
1565,5.3,52.0,64.0,7.0,56.0,4.0,Fail
1566,6.8,58.0,70.0,8.0,62.0,5.0,Pass
1567,5.0,50.0,66.0,6.0,59.0,4.0,Pass
1568,7.0,55.0,72.0,9.0,65.0,5.0,Pass
1569,5.8,53.0,63.0,7.0,54.0,4.0,Fail
1570,6.2,57.0,68.0,8.0,61.0,5.0,Pass
1571,5.5,51.0,71.0,7.0,64.0,5.0,Pass
1572,6.5,56.0,67.0,8.0,60.0,4.0,Pass
1573,5.0,54.0,69.0,6.0,62.0,5.0,Pass
1574,7.3,52.0,65.0,9.0,57.0,4.0,Fail
1575,5.3,58.0,73.0,7.0,66.0,5.0,Pass
1576,6.0,50.0,66.0,8.0,59.0,4.0,Pass
1577,5.8,55.0,70.0,7.0,63.0,5.0,Pass
1578,7.0,53.0,64.0,9.0,56.0,4.0,Fail
1579,5.2,57.0,72.0,7.0,65.0,5.0,Pass
1580,6.3,51.0,68.0,8.0,61.0,4.0,Pass
1581,5.5,56.0,67.0,8.0,60.0,5.0,Pass
1582,6.8,54.0,71.0,9.0,64.0,5.0,Pass
1583,5.0,52.0,63.0,6.0,55.0,4.0,Fail
1584,7.2,58.0,69.0,8.0,62.0,5.0,Pass
1585,5.3,50.0,66.0,7.0,58.0,4.0,Pass
1586,6.0,55.0,73.0,8.0,66.0,5.0,Pass
1587,5.8,53.0,65.0,7.0,57.0,4.0,Fail
1588,7.5,57.0,70.0,9.0,63.0,5.0,Pass
1589,5.0,51.0,68.0,6.0,61.0,4.0,Pass
1590,6.5,56.0,72.0,8.0,65.0,5.0,Pass
1591,5.5,54.0,64.0,7.0,56.0,4.0,Fail
1592,7.0,52.0,69.0,9.0,62.0,5.0,Pass
1593,5.3,58.0,66.0,7.0,59.0,4.0,Pass
1594,6.2,50.0,71.0,8.0,64.0,4.0,Pass
1595,5.0,55.0,63.0,6.0,55.0,4.0,Fail
1596,6.8,53.0,67.0,9.0,60.0,4.0,Pass
1597,5.8,57.0,73.0,7.0,66.0,5.0,Pass
1598,7.3,51.0,65.0,8.0,57.0,4.0,Fail
1599,5.2,56.0,70.0,7.0,63.0,5.0,Pass
1600,6.0,54.0,68.0,8.0,61.0,5.0,Pass
1601,1.5,85.0,65.0,6.0,55.0,7.0,Pass
1602,2.0,82.0,60.0,5.0,50.0,6.0,Fail
1603,1.8,88.0,68.0,7.0,58.0,8.0,Pass
1604,2.5,80.0,62.0,5.0,48.0,5.0,Fail
1605,1.2,90.0,70.0,6.0,60.0,7.0,Pass
1606,2.2,83.0,58.0,6.0,52.0,6.0,Fail
1607,1.6,86.0,66.0,7.0,56.0,8.0,Pass
1608,2.8,81.0,64.0,5.0,50.0,5.0,Fail
1609,1.0,92.0,72.0,7.0,62.0,8.0,Pass
1610,2.3,84.0,60.0,6.0,53.0,6.0,Fail
1611,1.8,87.0,67.0,6.0,57.0,7.0,Pass
1612,2.5,79.0,63.0,5.0,49.0,5.0,Fail
1613,1.4,89.0,69.0,7.0,59.0,8.0,Pass
1614,2.0,82.0,61.0,6.0,51.0,6.0,Fail
1615,1.6,91.0,71.0,7.0,61.0,7.0,Pass
1616,2.8,80.0,59.0,5.0,48.0,5.0,Fail
1617,1.2,85.0,66.0,6.0,55.0,7.0,Pass
1618,2.2,83.0,62.0,6.0,52.0,6.0,Fail
1619,1.8,88.0,68.0,7.0,58.0,8.0,Pass
1620,2.5,81.0,60.0,5.0,50.0,5.0,Fail
1621,1.5,90.0,70.0,6.0,60.0,7.0,Pass
1622,2.0,82.0,58.0,6.0,49.0,6.0,Fail
1623,1.6,86.0,67.0,7.0,57.0,8.0,Pass
1624,2.8,79.0,63.0,5.0,48.0,5.0,Fail
1625,1.0,92.0,72.0,7.0,62.0,8.0,Pass
1626,2.3,84.0,61.0,6.0,52.0,6.0,Fail
1627,1.8,87.0,66.0,6.0,56.0,7.0,Pass
1628,2.5,80.0,59.0,5.0,49.0,5.0,Fail
1629,1.4,89.0,69.0,7.0,59.0,8.0,Pass
1630,2.0,83.0,62.0,6.0,51.0,6.0,Fail
1631,1.6,91.0,71.0,7.0,61.0,7.0,Pass
1632,2.8,81.0,60.0,5.0,50.0,5.0,Fail
1633,1.2,85.0,65.0,6.0,54.0,7.0,Pass
1634,2.2,82.0,63.0,6.0,52.0,6.0,Fail
1635,1.8,88.0,68.0,7.0,58.0,8.0,Pass
1636,2.5,80.0,61.0,5.0,49.0,5.0,Fail
1637,1.5,90.0,70.0,6.0,60.0,7.0,Pass
1638,2.0,83.0,59.0,6.0,50.0,6.0,Fail
1639,1.6,86.0,67.0,7.0,57.0,8.0,Pass
1640,2.8,79.0,62.0,5.0,48.0,5.0,Fail
1641,1.0,92.0,72.0,7.0,62.0,8.0,Pass
1642,2.3,84.0,60.0,6.0,51.0,6.0,Fail
1643,1.8,87.0,66.0,6.0,55.0,7.0,Pass
1644,2.5,81.0,63.0,5.0,52.0,5.0,Fail
1645,1.4,89.0,69.0,7.0,59.0,8.0,Pass
1646,2.0,82.0,58.0,6.0,49.0,6.0,Fail
1647,1.6,91.0,71.0,7.0,61.0,7.0,Pass
1648,2.8,80.0,61.0,5.0,50.0,5.0,Fail
1649,1.2,85.0,65.0,6.0,54.0,7.0,Pass
1650,2.2,83.0,62.0,6.0,52.0,6.0,Fail
1651,1.8,88.0,68.0,7.0,58.0,8.0,Pass
1652,2.5,79.0,60.0,5.0,48.0,5.0,Fail
1653,1.5,90.0,70.0,6.0,60.0,7.0,Pass
1654,2.0,82.0,59.0,6.0,50.0,6.0,Fail
1655,1.6,86.0,67.0,7.0,57.0,8.0,Pass
1656,2.8,81.0,63.0,5.0,51.0,5.0,Fail
1657,1.0,92.0,72.0,7.0,62.0,8.0,Pass
1658,2.3,84.0,61.0,6.0,52.0,6.0,Fail
1659,1.8,87.0,66.0,6.0,56.0,7.0,Pass
1660,2.5,80.0,62.0,5.0,49.0,5.0,Fail
1661,1.4,89.0,69.0,7.0,59.0,8.0,Pass
1662,2.0,83.0,58.0,6.0,49.0,6.0,Fail
1663,1.6,91.0,71.0,7.0,61.0,7.0,Pass
1664,2.8,79.0,63.0,5.0,48.0,5.0,Fail
1665,1.2,85.0,65.0,6.0,54.0,7.0,Pass
1666,2.2,82.0,60.0,6.0,51.0,6.0,Fail
1667,1.8,88.0,68.0,7.0,58.0,8.0,Pass
1668,2.5,80.0,61.0,5.0,50.0,5.0,Fail
1669,1.5,90.0,70.0,6.0,60.0,7.0,Pass
1670,2.0,83.0,59.0,6.0,50.0,6.0,Fail
1671,1.6,86.0,67.0,7.0,57.0,8.0,Pass
1672,2.8,81.0,62.0,5.0,51.0,5.0,Fail
1673,1.0,92.0,72.0,7.0,62.0,8.0,Pass
1674,2.3,84.0,60.0,6.0,52.0,6.0,Fail
1675,1.8,87.0,66.0,6.0,55.0,7.0,Pass
1676,2.5,79.0,63.0,5.0,49.0,5.0,Fail
1677,1.4,89.0,69.0,7.0,59.0,8.0,Pass
1678,2.0,82.0,58.0,6.0,49.0,6.0,Fail
1679,1.6,91.0,71.0,7.0,61.0,7.0,Pass
1680,2.8,80.0,61.0,5.0,50.0,5.0,Fail
1681,1.2,85.0,65.0,6.0,54.0,7.0,Pass
1682,2.2,83.0,62.0,6.0,52.0,6.0,Fail
1683,1.8,88.0,68.0,7.0,58.0,8.0,Pass
1684,2.5,81.0,60.0,5.0,48.0,5.0,Fail
1685,1.5,90.0,70.0,6.0,60.0,7.0,Pass
1686,2.0,82.0,59.0,6.0,50.0,6.0,Fail
1687,1.6,86.0,67.0,7.0,57.0,8.0,Pass
1688,2.8,79.0,63.0,5.0,48.0,5.0,Fail
1689,1.0,92.0,72.0,7.0,62.0,8.0,Pass
1690,2.3,84.0,61.0,6.0,52.0,6.0,Fail
1691,1.8,87.0,66.0,6.0,56.0,7.0,Pass
1692,2.5,80.0,62.0,5.0,49.0,5.0,Fail
1693,1.4,89.0,69.0,7.0,59.0,8.0,Pass
1694,2.0,83.0,58.0,6.0,49.0,6.0,Fail
1695,1.6,91.0,71.0,7.0,61.0,7.0,Pass
1696,2.8,81.0,60.0,5.0,50.0,5.0,Fail
1697,1.2,85.0,65.0,6.0,54.0,7.0,Pass
1698,2.2,82.0,63.0,6.0,52.0,6.0,Fail
1699,1.8,88.0,68.0,7.0,58.0,8.0,Pass
1700,2.5,80.0,61.0,5.0,49.0,5.0,Fail
1701,3.0,68.0,55.0,6.0,50.0,5.0,Pass
1702,2.5,65.0,52.0,5.0,47.0,4.0,Fail
1703,3.5,70.0,58.0,6.0,52.0,5.0,Pass
1704,2.0,63.0,48.0,5.0,44.0,4.0,Fail
1705,3.2,72.0,56.0,7.0,53.0,6.0,Pass
1706,2.8,66.0,50.0,5.0,46.0,4.0,Fail
1707,3.8,69.0,57.0,6.0,51.0,5.0,Pass
1708,2.2,64.0,49.0,5.0,45.0,4.0,Fail
1709,3.0,71.0,54.0,6.0,50.0,5.0,Pass
1710,2.5,67.0,51.0,5.0,47.0,4.0,Fail
1711,3.5,68.0,56.0,6.0,52.0,5.0,Pass
1712,2.0,62.0,48.0,4.0,43.0,3.0,Fail
1713,3.2,73.0,58.0,7.0,54.0,6.0,Pass
1714,2.8,65.0,50.0,5.0,46.0,4.0,Fail
1715,3.8,70.0,55.0,6.0,51.0,5.0,Pass
1716,2.2,63.0,47.0,5.0,44.0,4.0,Fail
1717,3.0,72.0,57.0,6.0,53.0,5.0,Pass
1718,2.5,66.0,49.0,5.0,45.0,4.0,Fail
1719,3.5,69.0,56.0,7.0,52.0,6.0,Pass
1720,2.0,64.0,48.0,5.0,46.0,4.0,Fail
1721,3.2,71.0,54.0,6.0,50.0,5.0,Pass
1722,2.8,62.0,50.0,5.0,47.0,4.0,Fail
1723,3.8,68.0,58.0,6.0,53.0,5.0,Pass
1724,2.2,65.0,49.0,5.0,44.0,4.0,Fail
1725,3.0,73.0,55.0,7.0,51.0,6.0,Pass
1726,2.5,63.0,47.0,5.0,45.0,4.0,Fail
1727,3.5,70.0,57.0,6.0,52.0,5.0,Pass
1728,2.0,66.0,50.0,5.0,47.0,4.0,Fail
1729,3.2,72.0,56.0,6.0,53.0,5.0,Pass
1730,2.8,64.0,48.0,5.0,44.0,4.0,Fail
1731,3.8,69.0,54.0,7.0,50.0,5.0,Pass
1732,2.2,65.0,49.0,5.0,46.0,4.0,Fail
1733,3.0,71.0,58.0,6.0,54.0,6.0,Pass
1734,2.5,62.0,50.0,5.0,45.0,4.0,Fail
1735,3.5,68.0,55.0,6.0,51.0,5.0,Pass
1736,2.0,67.0,47.0,5.0,44.0,4.0,Fail
1737,3.2,73.0,57.0,7.0,53.0,6.0,Pass
1738,2.8,63.0,49.0,5.0,46.0,4.0,Fail
1739,3.8,70.0,56.0,6.0,52.0,5.0,Pass
1740,2.2,66.0,48.0,5.0,45.0,4.0,Fail
1741,3.0,72.0,54.0,6.0,50.0,5.0,Pass
1742,2.5,64.0,50.0,5.0,47.0,4.0,Fail
1743,3.5,69.0,58.0,7.0,53.0,6.0,Pass
1744,2.0,62.0,47.0,5.0,44.0,3.0,Fail
1745,3.2,71.0,55.0,6.0,51.0,5.0,Pass
1746,2.8,65.0,49.0,5.0,46.0,4.0,Fail
1747,3.8,68.0,57.0,6.0,52.0,5.0,Pass
1748,2.2,63.0,48.0,5.0,45.0,4.0,Fail
1749,3.0,73.0,56.0,7.0,53.0,6.0,Pass
1750,2.5,66.0,50.0,5.0,47.0,4.0,Fail
1751,3.5,70.0,54.0,6.0,50.0,5.0,Pass
1752,2.0,64.0,49.0,5.0,44.0,4.0,Fail
1753,3.2,72.0,58.0,6.0,54.0,6.0,Pass
1754,2.8,62.0,47.0,5.0,45.0,4.0,Fail
1755,3.8,69.0,55.0,7.0,51.0,5.0,Pass
1756,2.2,67.0,48.0,5.0,46.0,4.0,Fail
1757,3.0,71.0,57.0,6.0,53.0,5.0,Pass
1758,2.5,63.0,50.0,5.0,47.0,4.0,Fail
1759,3.5,68.0,56.0,6.0,52.0,5.0,Pass
1760,2.0,65.0,49.0,5.0,44.0,4.0,Fail
1761,3.2,73.0,54.0,7.0,50.0,6.0,Pass
1762,2.8,64.0,48.0,5.0,45.0,4.0,Fail
1763,3.8,70.0,58.0,6.0,53.0,5.0,Pass
1764,2.2,66.0,47.0,5.0,46.0,4.0,Fail
1765,3.0,72.0,55.0,6.0,51.0,5.0,Pass
1766,2.5,63.0,49.0,5.0,44.0,4.0,Fail
1767,3.5,69.0,57.0,7.0,52.0,6.0,Pass
1768,2.0,62.0,50.0,5.0,47.0,4.0,Fail
1769,3.2,71.0,56.0,6.0,53.0,5.0,Pass
1770,2.8,65.0,48.0,5.0,45.0,4.0,Fail
1771,3.8,68.0,54.0,6.0,50.0,5.0,Pass
1772,2.2,67.0,49.0,5.0,46.0,4.0,Fail
1773,3.0,73.0,58.0,7.0,54.0,6.0,Pass
1774,2.5,63.0,47.0,5.0,44.0,4.0,Fail
1775,3.5,70.0,55.0,6.0,51.0,5.0,Pass
1776,2.0,64.0,50.0,5.0,47.0,4.0,Fail
1777,3.2,72.0,56.0,6.0,52.0,5.0,Pass
1778,2.8,66.0,48.0,5.0,45.0,4.0,Fail
1779,3.8,69.0,57.0,7.0,53.0,6.0,Pass
1780,2.2,62.0,49.0,5.0,46.0,4.0,Fail
1781,3.0,71.0,54.0,6.0,50.0,5.0,Pass
1782,2.5,65.0,50.0,5.0,47.0,4.0,Fail
1783,3.5,68.0,58.0,6.0,53.0,5.0,Pass
1784,2.0,63.0,47.0,5.0,44.0,4.0,Fail
1785,3.2,73.0,55.0,7.0,51.0,6.0,Pass
1786,2.8,66.0,49.0,5.0,46.0,4.0,Fail
1787,3.8,70.0,56.0,6.0,52.0,5.0,Pass
1788,2.2,64.0,48.0,5.0,45.0,4.0,Fail
1789,3.0,72.0,57.0,6.0,53.0,5.0,Pass
1790,2.5,62.0,50.0,5.0,47.0,4.0,Fail
1791,3.5,69.0,54.0,7.0,50.0,5.0,Pass
1792,2.0,67.0,49.0,5.0,46.0,4.0,Fail
1793,3.2,71.0,58.0,6.0,54.0,6.0,Pass
1794,2.8,63.0,47.0,5.0,44.0,4.0,Fail
1795,3.8,68.0,55.0,6.0,51.0,5.0,Pass
1796,2.2,65.0,50.0,5.0,47.0,4.0,Fail
1797,3.0,73.0,56.0,7.0,53.0,6.0,Pass
1798,2.5,64.0,48.0,5.0,45.0,4.0,Fail
1799,3.5,70.0,57.0,6.0,52.0,5.0,Pass
1800,2.0,66.0,49.0,5.0,46.0,4.0,Fail
1801,1.5,80.0,55.0,5.0,48.0,6.0,Pass
1802,2.0,77.0,52.0,4.0,45.0,5.0,Fail
1803,1.8,85.0,58.0,6.0,52.0,7.0,Pass
1804,2.5,78.0,50.0,4.0,43.0,5.0,Fail
1805,1.2,82.0,56.0,5.0,50.0,6.0,Pass
1806,2.2,75.0,48.0,4.0,42.0,5.0,Fail
1807,1.6,83.0,54.0,6.0,48.0,6.0,Pass
1808,2.8,76.0,51.0,5.0,44.0,5.0,Fail
1809,1.0,86.0,57.0,5.0,51.0,7.0,Pass
1810,2.3,79.0,49.0,4.0,43.0,5.0,Fail
1811,1.8,81.0,53.0,5.0,47.0,6.0,Pass
1812,2.5,77.0,50.0,4.0,42.0,5.0,Fail
1813,1.4,84.0,56.0,6.0,50.0,7.0,Pass
1814,2.0,76.0,48.0,5.0,44.0,5.0,Fail
1815,1.6,85.0,55.0,5.0,49.0,6.0,Pass
1816,2.8,78.0,51.0,4.0,43.0,5.0,Fail
1817,1.2,82.0,54.0,6.0,48.0,7.0,Pass
1818,2.2,75.0,49.0,4.0,41.0,5.0,Fail
1819,1.8,86.0,57.0,5.0,51.0,6.0,Pass
1820,2.5,77.0,50.0,5.0,44.0,5.0,Fail
1821,1.5,83.0,55.0,5.0,49.0,6.0,Pass
1822,2.0,79.0,52.0,4.0,45.0,5.0,Fail
1823,1.6,81.0,56.0,6.0,50.0,7.0,Pass
1824,2.8,76.0,48.0,4.0,42.0,5.0,Fail
1825,1.0,85.0,54.0,5.0,48.0,6.0,Pass
1826,2.3,78.0,51.0,5.0,44.0,5.0,Fail
1827,1.8,82.0,53.0,6.0,47.0,6.0,Pass
1828,2.5,75.0,49.0,4.0,43.0,5.0,Fail
1829,1.4,84.0,57.0,5.0,51.0,7.0,Pass
1830,2.0,77.0,50.0,5.0,44.0,5.0,Fail
1831,1.6,86.0,55.0,6.0,49.0,6.0,Pass
1832,2.8,79.0,48.0,4.0,42.0,5.0,Fail
1833,1.2,81.0,54.0,5.0,48.0,7.0,Pass
1834,2.2,76.0,51.0,5.0,45.0,5.0,Fail
1835,1.8,83.0,56.0,6.0,50.0,6.0,Pass
1836,2.5,78.0,49.0,4.0,43.0,5.0,Fail
1837,1.5,85.0,53.0,5.0,47.0,7.0,Pass
1838,2.0,75.0,50.0,5.0,44.0,5.0,Fail
1839,1.6,82.0,57.0,6.0,51.0,6.0,Pass
1840,2.8,77.0,48.0,4.0,42.0,5.0,Fail
1841,1.0,86.0,54.0,5.0,48.0,7.0,Pass
1842,2.3,79.0,51.0,5.0,45.0,5.0,Fail
1843,1.8,81.0,55.0,6.0,49.0,6.0,Pass
1844,2.5,76.0,50.0,4.0,43.0,5.0,Fail
1845,1.4,84.0,53.0,5.0,47.0,7.0,Pass
1846,2.0,78.0,49.0,5.0,44.0,5.0,Fail
1847,1.6,85.0,56.0,6.0,50.0,6.0,Pass
1848,2.8,75.0,48.0,4.0,42.0,5.0,Fail
1849,1.2,82.0,54.0,5.0,48.0,7.0,Pass
1850,2.2,77.0,51.0,5.0,45.0,5.0,Fail
1851,1.8,83.0,57.0,6.0,51.0,6.0,Pass
1852,2.5,76.0,50.0,4.0,43.0,5.0,Fail
1853,1.5,86.0,55.0,5.0,49.0,7.0,Pass
1854,2.0,79.0,48.0,5.0,44.0,5.0,Fail
1855,1.6,81.0,53.0,6.0,47.0,6.0,Pass
1856,2.8,78.0,51.0,4.0,45.0,5.0,Fail
1857,1.0,85.0,56.0,5.0,50.0,7.0,Pass
1858,2.3,75.0,49.0,5.0,43.0,5.0,Fail
1859,1.8,82.0,54.0,6.0,48.0,6.0,Pass
1860,2.5,77.0,50.0,4.0,44.0,5.0,Fail
1861,1.4,84.0,57.0,5.0,51.0,7.0,Pass
1862,2.0,76.0,48.0,5.0,42.0,5.0,Fail
1863,1.6,86.0,55.0,6.0,49.0,6.0,Pass
1864,2.8,79.0,51.0,4.0,45.0,5.0,Fail
1865,1.2,81.0,53.0,5.0,47.0,7.0,Pass
1866,2.2,78.0,50.0,5.0,44.0,5.0,Fail
1867,1.8,83.0,56.0,6.0,50.0,6.0,Pass
1868,2.5,75.0,49.0,4.0,43.0,5.0,Fail
1869,1.5,85.0,54.0,5.0,48.0,7.0,Pass
1870,2.0,77.0,48.0,5.0,42.0,5.0,Fail
1871,1.6,82.0,57.0,6.0,51.0,6.0,Pass
1872,2.8,76.0,51.0,4.0,45.0,5.0,Fail
1873,1.0,86.0,55.0,5.0,49.0,7.0,Pass
1874,2.3,79.0,50.0,5.0,44.0,5.0,Fail
1875,1.8,81.0,53.0,6.0,47.0,6.0,Pass
1876,2.5,78.0,49.0,4.0,43.0,5.0,Fail
1877,1.4,84.0,56.0,5.0,50.0,7.0,Pass
1878,2.0,75.0,48.0,5.0,42.0,5.0,Fail
1879,1.6,83.0,54.0,6.0,48.0,6.0,Pass
1880,2.8,77.0,51.0,4.0,45.0,5.0,Fail
1881,1.2,85.0,57.0,5.0,51.0,7.0,Pass
1882,2.2,76.0,50.0,5.0,44.0,5.0,Fail
1883,1.8,82.0,55.0,6.0,49.0,6.0,Pass
1884,2.5,79.0,48.0,4.0,43.0,5.0,Fail
1885,1.5,86.0,53.0,5.0,47.0,7.0,Pass
1886,2.0,77.0,51.0,5.0,44.0,5.0,Fail
1887,1.6,81.0,56.0,6.0,50.0,6.0,Pass
1888,2.8,78.0,49.0,4.0,45.0,5.0,Fail
1889,1.0,84.0,54.0,5.0,48.0,7.0,Pass
1890,2.3,75.0,50.0,5.0,43.0,5.0,Fail
1891,1.8,83.0,57.0,6.0,51.0,6.0,Pass
1892,2.5,76.0,48.0,4.0,42.0,5.0,Fail
1893,1.4,85.0,55.0,5.0,49.0,7.0,Pass
1894,2.0,79.0,51.0,5.0,45.0,5.0,Fail
1895,1.6,82.0,53.0,6.0,47.0,6.0,Pass
1896,2.8,77.0,50.0,4.0,44.0,5.0,Fail
1897,1.2,86.0,56.0,5.0,50.0,7.0,Pass
1898,2.2,78.0,49.0,5.0,43.0,5.0,Fail
1899,1.8,81.0,54.0,6.0,48.0,6.0,Pass
1900,2.5,75.0,48.0,4.0,42.0,5.0,Fail
1901,6.0,88.0,85.0,9.0,78.0,8.0,Pass
1902,8.5,92.0,90.0,10.0,85.0,9.0,Pass
1903,6.5,86.0,80.0,8.0,74.0,7.0,Pass
1904,9.0,95.0,95.0,10.0,90.0,10.0,Pass
1905,7.0,89.0,82.0,9.0,76.0,8.0,Pass
1906,8.0,93.0,88.0,10.0,82.0,9.0,Pass
1907,6.2,87.0,78.0,8.0,72.0,7.0,Pass
1908,9.5,96.0,92.0,10.0,88.0,10.0,Pass
1909,6.8,90.0,84.0,9.0,80.0,8.0,Pass
1910,7.5,91.0,86.0,10.0,83.0,9.0,Pass
1911,6.5,88.0,81.0,8.0,75.0,7.0,Pass
1912,8.2,94.0,89.0,10.0,84.0,9.0,Pass
1913,7.0,86.0,83.0,9.0,77.0,8.0,Pass
1914,9.0,95.0,91.0,10.0,87.0,10.0,Pass
1915,6.0,89.0,79.0,8.0,73.0,7.0,Pass
1916,8.5,92.0,87.0,10.0,81.0,9.0,Pass
1917,7.2,87.0,82.0,9.0,76.0,8.0,Pass
1918,9.5,96.0,93.0,10.0,89.0,10.0,Pass
1919,6.8,90.0,85.0,8.0,78.0,8.0,Pass
1920,7.8,93.0,88.0,10.0,83.0,9.0,Pass
1921,6.2,88.0,80.0,9.0,74.0,7.0,Pass
1922,8.0,91.0,90.0,10.0,86.0,9.0,Pass
1923,7.0,86.0,83.0,8.0,76.0,8.0,Pass
1924,9.2,95.0,92.0,10.0,88.0,10.0,Pass
1925,6.5,89.0,81.0,9.0,75.0,7.0,Pass
1926,8.5,93.0,87.0,10.0,82.0,9.0,Pass
1927,7.5,87.0,84.0,8.0,77.0,8.0,Pass
1928,9.0,96.0,91.0,10.0,85.0,10.0,Pass
1929,6.0,90.0,79.0,9.0,73.0,7.0,Pass
1930,8.2,92.0,88.0,10.0,84.0,9.0,Pass
1931,7.0,88.0,82.0,8.0,76.0,8.0,Pass
1932,9.5,95.0,90.0,10.0,87.0,10.0,Pass
1933,6.8,86.0,85.0,9.0,78.0,8.0,Pass
1934,7.8,91.0,86.0,10.0,81.0,9.0,Pass
1935,6.2,89.0,80.0,8.0,74.0,7.0,Pass
1936,8.0,93.0,89.0,10.0,85.0,9.0,Pass
1937,7.0,87.0,83.0,9.0,77.0,8.0,Pass
1938,9.0,96.0,92.0,10.0,88.0,10.0,Pass
1939,6.5,90.0,81.0,8.0,75.0,7.0,Pass
1940,8.5,92.0,87.0,10.0,82.0,9.0,Pass
1941,7.5,88.0,84.0,9.0,76.0,8.0,Pass
1942,9.2,95.0,91.0,10.0,86.0,10.0,Pass
1943,6.0,86.0,79.0,8.0,73.0,7.0,Pass
1944,8.0,93.0,88.0,10.0,83.0,9.0,Pass
1945,7.0,89.0,82.0,9.0,77.0,8.0,Pass
1946,9.5,96.0,90.0,10.0,85.0,10.0,Pass
1947,6.8,87.0,85.0,8.0,78.0,8.0,Pass
1948,7.8,91.0,86.0,10.0,81.0,9.0,Pass
1949,6.2,90.0,80.0,9.0,74.0,7.0,Pass
1950,8.2,92.0,89.0,10.0,84.0,9.0,Pass
1951,7.0,88.0,83.0,8.0,76.0,8.0,Pass
1952,9.0,95.0,92.0,10.0,87.0,10.0,Pass
1953,6.5,86.0,81.0,9.0,75.0,7.0,Pass
1954,8.5,93.0,87.0,10.0,82.0,9.0,Pass
1955,7.5,89.0,84.0,8.0,77.0,8.0,Pass
1956,9.2,96.0,91.0,10.0,88.0,10.0,Pass
1957,6.0,90.0,79.0,9.0,73.0,7.0,Pass
1958,8.0,92.0,88.0,10.0,85.0,9.0,Pass
1959,7.0,87.0,82.0,8.0,76.0,8.0,Pass
1960,9.5,95.0,90.0,10.0,86.0,10.0,Pass
1961,6.8,88.0,85.0,9.0,78.0,8.0,Pass
1962,7.8,91.0,86.0,10.0,83.0,9.0,Pass
1963,6.2,89.0,80.0,8.0,74.0,7.0,Pass
1964,8.2,93.0,89.0,10.0,84.0,9.0,Pass
1965,7.0,86.0,83.0,9.0,77.0,8.0,Pass
1966,9.0,96.0,92.0,10.0,87.0,10.0,Pass
1967,6.5,90.0,81.0,8.0,75.0,7.0,Pass
1968,8.5,92.0,87.0,10.0,82.0,9.0,Pass
1969,7.5,88.0,84.0,9.0,76.0,8.0,Pass
1970,9.2,95.0,91.0,10.0,88.0,10.0,Pass
1971,6.0,87.0,79.0,8.0,73.0,7.0,Pass
1972,8.0,93.0,88.0,10.0,83.0,9.0,Pass
1973,7.0,89.0,82.0,9.0,77.0,8.0,Pass
1974,9.5,96.0,90.0,10.0,85.0,10.0,Pass
1975,6.8,90.0,85.0,8.0,78.0,8.0,Pass
1976,7.8,91.0,86.0,10.0,81.0,9.0,Pass
1977,6.2,88.0,80.0,9.0,74.0,7.0,Pass
1978,8.2,92.0,89.0,10.0,84.0,9.0,Pass
1979,7.0,86.0,83.0,8.0,76.0,8.0,Pass
1980,9.0,95.0,92.0,10.0,87.0,10.0,Pass
1981,6.5,89.0,81.0,9.0,75.0,7.0,Pass
1982,8.5,93.0,87.0,10.0,82.0,9.0,Pass
1983,7.5,87.0,84.0,8.0,77.0,8.0,Pass
1984,9.2,96.0,91.0,10.0,88.0,10.0,Pass
1985,6.0,90.0,79.0,9.0,73.0,7.0,Pass
1986,8.0,92.0,88.0,10.0,85.0,9.0,Pass
1987,7.0,88.0,82.0,9.0,76.0,8.0,Pass
1988,9.5,95.0,90.0,10.0,86.0,10.0,Pass
1989,6.8,86.0,85.0,8.0,78.0,8.0,Pass
1990,7.8,91.0,86.0,10.0,83.0,9.0,Pass
1991,6.2,89.0,80.0,9.0,74.0,7.0,Pass
1992,8.2,93.0,89.0,10.0,84.0,9.0,Pass
1993,7.0,87.0,83.0,8.0,77.0,8.0,Pass
1994,9.0,96.0,92.0,10.0,87.0,10.0,Pass
1995,6.5,90.0,81.0,9.0,75.0,7.0,Pass
1996,8.5,92.0,87.0,10.0,82.0,9.0,Pass
1997,7.5,88.0,84.0,8.0,76.0,8.0,Pass
1998,9.2,95.0,91.0,10.0,88.0,10.0,Pass
1999,6.0,89.0,79.0,9.0,73.0,7.0,Pass
2000,8.0,93.0,88.0,10.0,85.0,9.0,Pass